{
  "method": "v24.1-final worstcase-A no-model",
  "notes": "MC uses saved/generated option-wise support if available; YNU uses v24.1 stable rerank. No training.",
  "metrics": {
    "first": {
      "name": "first",
      "n": 156,
      "acc": 0.5192307692307693,
      "macro_f1": 0.40661283381277036,
      "weighted_f1": 0.46893703780496226,
      "mc_macro_f1": 0.3053571428571429,
      "ynu_macro_f1": 0.541620421753607,
      "per_label": {
        "A": {
          "precision": 1.0,
          "recall": 0.14285714285714285,
          "f1": 0.25,
          "support": 28,
          "pred_count": 4,
          "tp": 4,
          "fp": 0,
          "fn": 24
        },
        "B": {
          "precision": 1.0,
          "recall": 0.25,
          "f1": 0.4,
          "support": 8,
          "pred_count": 2,
          "tp": 2,
          "fp": 0,
          "fn": 6
        },
        "C": {
          "precision": 1.0,
          "recall": 0.16666666666666666,
          "f1": 0.2857142857142857,
          "support": 6,
          "pred_count": 1,
          "tp": 1,
          "fp": 0,
          "fn": 5
        },
        "D": {
          "precision": 0.5,
          "recall": 0.2,
          "f1": 0.28571428571428575,
          "support": 5,
          "pred_count": 2,
          "tp": 1,
          "fp": 1,
          "fn": 4
        },
        "Yes": {
          "precision": 0.5882352941176471,
          "recall": 0.29411764705882354,
          "f1": 0.3921568627450981,
          "support": 34,
          "pred_count": 17,
          "tp": 10,
          "fp": 7,
          "fn": 24
        },
        "No": {
          "precision": 0.559322033898305,
          "recall": 0.825,
          "f1": 0.6666666666666665,
          "support": 40,
          "pred_count": 59,
          "tp": 33,
          "fp": 26,
          "fn": 7
        },
        "Unknown": {
          "precision": 0.4225352112676056,
          "recall": 0.8571428571428571,
          "f1": 0.5660377358490566,
          "support": 35,
          "pred_count": 71,
          "tp": 30,
          "fp": 41,
          "fn": 5
        }
      }
    },
    "majority": {
      "name": "majority",
      "n": 156,
      "acc": 0.46153846153846156,
      "macro_f1": 0.281934018243752,
      "weighted_f1": 0.3840812970574036,
      "mc_macro_f1": 0.146875,
      "ynu_macro_f1": 0.46201270923542137,
      "per_label": {
        "A": {
          "precision": 0.75,
          "recall": 0.10714285714285714,
          "f1": 0.1875,
          "support": 28,
          "pred_count": 4,
          "tp": 3,
          "fp": 1,
          "fn": 25
        },
        "B": {
          "precision": 1.0,
          "recall": 0.25,
          "f1": 0.4,
          "support": 8,
          "pred_count": 2,
          "tp": 2,
          "fp": 0,
          "fn": 6
        },
        "C": {
          "precision": 0.0,
          "recall": 0.0,
          "f1": 0.0,
          "support": 6,
          "pred_count": 0,
          "tp": 0,
          "fp": 0,
          "fn": 6
        },
        "D": {
          "precision": 0.0,
          "recall": 0.0,
          "f1": 0.0,
          "support": 5,
          "pred_count": 1,
          "tp": 0,
          "fp": 1,
          "fn": 5
        },
        "Yes": {
          "precision": 0.45454545454545453,
          "recall": 0.14705882352941177,
          "f1": 0.22222222222222224,
          "support": 34,
          "pred_count": 11,
          "tp": 5,
          "fp": 6,
          "fn": 29
        },
        "No": {
          "precision": 0.5074626865671642,
          "recall": 0.85,
          "f1": 0.6355140186915889,
          "support": 40,
          "pred_count": 67,
          "tp": 34,
          "fp": 33,
          "fn": 6
        },
        "Unknown": {
          "precision": 0.39436619718309857,
          "recall": 0.8,
          "f1": 0.5283018867924529,
          "support": 35,
          "pred_count": 71,
          "tp": 28,
          "fp": 43,
          "fn": 7
        }
      }
    },
    "oracle_candidates": {
      "name": "oracle_candidates",
      "n": 156,
      "acc": 0.6538461538461539,
      "macro_f1": 0.5520171377314235,
      "weighted_f1": 0.6232423482423483,
      "mc_macro_f1": 0.4544138294138294,
      "ynu_macro_f1": 0.6821548821548822,
      "per_label": {
        "A": {
          "precision": 1.0,
          "recall": 0.32142857142857145,
          "f1": 0.4864864864864865,
          "support": 28,
          "pred_count": 9,
          "tp": 9,
          "fp": 0,
          "fn": 19
        },
        "B": {
          "precision": 1.0,
          "recall": 0.375,
          "f1": 0.5454545454545454,
          "support": 8,
          "pred_count": 3,
          "tp": 3,
          "fp": 0,
          "fn": 5
        },
        "C": {
          "precision": 1.0,
          "recall": 0.16666666666666666,
          "f1": 0.2857142857142857,
          "support": 6,
          "pred_count": 1,
          "tp": 1,
          "fp": 0,
          "fn": 5
        },
        "D": {
          "precision": 0.6666666666666666,
          "recall": 0.4,
          "f1": 0.5,
          "support": 5,
          "pred_count": 3,
          "tp": 2,
          "fp": 1,
          "fn": 3
        },
        "Yes": {
          "precision": 0.9375,
          "recall": 0.4411764705882353,
          "f1": 0.6,
          "support": 34,
          "pred_count": 16,
          "tp": 15,
          "fp": 1,
          "fn": 19
        },
        "No": {
          "precision": 0.6666666666666666,
          "recall": 1.0,
          "f1": 0.8,
          "support": 40,
          "pred_count": 60,
          "tp": 40,
          "fp": 20,
          "fn": 0
        },
        "Unknown": {
          "precision": 0.5,
          "recall": 0.9142857142857143,
          "f1": 0.6464646464646465,
          "support": 35,
          "pred_count": 64,
          "tp": 32,
          "fp": 32,
          "fn": 3
        }
      }
    },
    "v24_1_final": {
      "name": "v24_1_final",
      "n": 156,
      "acc": 0.532051282051282,
      "macro_f1": 0.46651113314133713,
      "weighted_f1": 0.4866458237124461,
      "mc_macro_f1": 0.45121326042378673,
      "ynu_macro_f1": 0.4869082967647376,
      "per_label": {
        "A": {
          "precision": 0.9,
          "recall": 0.32142857142857145,
          "f1": 0.4736842105263158,
          "support": 28,
          "pred_count": 10,
          "tp": 9,
          "fp": 1,
          "fn": 19
        },
        "B": {
          "precision": 1.0,
          "recall": 0.375,
          "f1": 0.5454545454545454,
          "support": 8,
          "pred_count": 3,
          "tp": 3,
          "fp": 0,
          "fn": 5
        },
        "C": {
          "precision": 1.0,
          "recall": 0.16666666666666666,
          "f1": 0.2857142857142857,
          "support": 6,
          "pred_count": 1,
          "tp": 1,
          "fp": 0,
          "fn": 5
        },
        "D": {
          "precision": 0.6666666666666666,
          "recall": 0.4,
          "f1": 0.5,
          "support": 5,
          "pred_count": 3,
          "tp": 2,
          "fp": 1,
          "fn": 3
        },
        "Yes": {
          "precision": 0.5,
          "recall": 0.14705882352941177,
          "f1": 0.22727272727272727,
          "support": 34,
          "pred_count": 10,
          "tp": 5,
          "fp": 5,
          "fn": 29
        },
        "No": {
          "precision": 0.5074626865671642,
          "recall": 0.85,
          "f1": 0.6355140186915889,
          "support": 40,
          "pred_count": 67,
          "tp": 34,
          "fp": 33,
          "fn": 6
        },
        "Unknown": {
          "precision": 0.46774193548387094,
          "recall": 0.8285714285714286,
          "f1": 0.5979381443298969,
          "support": 35,
          "pred_count": 62,
          "tp": 29,
          "fp": 33,
          "fn": 6
        }
      }
    }
  },
  "gold_dist": {
    "A": 28,
    "Yes": 34,
    "C": 6,
    "B": 8,