{
  "base_params": {
    "w_vote": 1.0,
    "w_cite": 0.3,
    "w_short_supp": 0.15,
    "yes_boost": 0.3,
    "no_penalty": 0.15,
    "unk_penalty": 0.35,
    "p_long_supp": 0.2,
    "p_contra_text": 0.4
  },
  "best_threshold": 0.3,
  "best_allow_unknown_flip": false,
  "best_metric": {
    "name": "v24_3_worstcase_B_aggressive_yes_rescue_best",
    "n": 156,
    "acc": 0.5384615384615384,
    "macro_f1": 0.4923436924294315,
    "weighted_f1": 0.5240720385359473,
    "mc_macro_f1": 0.45121326042378673,
    "ynu_macro_f1": 0.5471842684369579,
    "per_label": {
      "A": {
        "precision": 0.9,
        "recall": 0.32142857142857145,
        "f1": 0.4736842105263158,
        "support": 28,
        "pred_count": 10,
        "tp": 9,
        "fp": 1,
        "fn": 19
      },
      "B": {
        "precision": 1.0,
        "recall": 0.375,
        "f1": 0.5454545454545454,
        "support": 8,
        "pred_count": 3,
        "tp": 3,
        "fp": 0,
        "fn": 5
      },
      "C": {
        "precision": 1.0,
        "recall": 0.16666666666666666,
        "f1": 0.2857142857142857,
        "support": 6,
        "pred_count": 1,
        "tp": 1,
        "fp": 0,
        "fn": 5
      },
      "D": {
        "precision": 0.6666666666666666,
        "recall": 0.4,
        "f1": 0.5,
        "support": 5,
        "pred_count": 3,
        "tp": 2,
        "fp": 1,
        "fn": 3
      },
      "Yes": {
        "precision": 0.4838709677419355,
        "recall": 0.4411764705882353,
        "f1": 0.4615384615384615,
        "support": 34,
        "pred_count": 31,
        "tp": 15,
        "fp": 16,
        "fn": 19
      },
      "No": {
        "precision": 0.5306122448979592,
        "recall": 0.65,
        "f1": 0.5842696629213483,
        "support": 40,
        "pred_count": 49,
        "tp": 26,
        "fp": 23,
        "fn": 14
      },
      "Unknown": {
        "precision": 0.4745762711864407,
        "recall": 0.8,
        "f1": 0.5957446808510638,
        "support": 35,
        "pred_count": 59,
        "tp": 28,
        "fp": 31,
        "fn": 7
      }
    }
  },
  "rows": [
    {
      "obj": 0.7134566220529993,
      "threshold": 0.3,
      "allow_unknown_flip": false,
      "acc": 0.5384615384615384,
      "macro_f1": 0.4923436924294315,
      "mc_macro_f1": 0.45121326042378673,
      "ynu_macro_f1": 0.5471842684369579,
      "yes_f1": 0.4615384615384615,
      "no_f1": 0.5842696629213483,
      "unknown_f1": 0.5957446808510638
    },
    {
      "obj": 0.7134566220529993,
      "threshold": 0.3,
      "allow_unknown_flip": true,
      "acc": 0.5384615384615384,
      "macro_f1": 0.4923436924294315,
      "mc_macro_f1": 0.45121326042378673,
      "ynu_macro_f1": 0.5471842684369579,
      "yes_f1": 0.4615384615384615,
      "no_f1": 0.5842696629213483,
      "unknown_f1": 0.5957446808510638
    },
    {
      "obj": 0.7134566220529993,
      "threshold": 0.45,
      "allow_unknown_flip": false,
      "acc": 0.5384615384615384,
      "macro_f1": 0.4923436924294315,
      "mc_macro_f1": 0.45121326042378673,
      "ynu_macro_f1": 0.5471842684369579,
      "yes_f1": 0.4615384615384615,
      "no_f1": 0.5842696629213483,
      "unknown_f1": 0.5957446808510638
    },
    {
      "obj": 0.7134566220529993,
      "threshold": 0.45,
      "allow_unknown_flip": true,
      "acc": 0.5384615384615384,
      "macro_f1": 0.4923436924294315,
      "mc_macro_f1": 0.45121326042378673,
      "ynu_macro_f1": 0.5471842684369579,
      "yes_f1": 0.4615384615384615,
      "no_f1": 0.5842696629213483,
      "unknown_f1": 0.5957446808510638
    },
    {
      "obj": 0.7134566220529993,
      "threshold": 0.6,
      "allow_unknown_flip": false,
      "acc": 0.5384615384615384,
      "macro_f1": 0.4923436924294315,
      "mc_macro_f1": 0.45121326042378673,
      "ynu_macro_f1": 0.5471842684369579,
      "yes_f1": 0.4615384615384615,
      "no_f1": 0.5842696629213483,
      "unknown_f1": 0.5957446808510638
    },
    {
      "obj": 0.7134566220529993,
      "threshold": 0.6,
      "allow_unknown_flip": true,
      "acc": 0.5384615384615384,
      "macro_f1": 0.4923436924294315,
      "mc_macro_f1": 0.45121326042378673,
      "ynu_macro_f1": 0.5471842684369579,
      "yes_f1": 0.4615384615384615,
      "no_f1": 0.5842696629213483,
      "unknown_f1": 0.5957446808510638
    },
    {
      "obj": 0.7134566220529993,
      "threshold": 0.75,
      "allow_unknown_flip": false,
      "acc": 0.5384615384615384,
      "macro_f1": 0.4923436924294315,
      "mc_macro_f1": 0.45121326042378673,
      "ynu_macro_f1": 0.5471842684369579,
      "yes_f1": 0.4615384615384615,
      "no_f1": 0.5842696629213483,
      "unknown_f1": 0.5957446808510638
    },
    {
      "obj": 0.7134566220529993,
      "threshold": 0.75,
      "allow_unknown_flip": true,
      "acc": 0.5384615384615384,
      "macro_f1": 0.4923436924294315,
      "mc_macro_f1": 0.45121326042378673,
      "ynu_macro_f1": 0.5471842684369579,
      "yes_f1": 0.4615384615384615,
      "no_f1": 0.5842696629213483,
      "unknown_f1": 0.5957446808510638
    },
    {
      "obj": 0.7134566220529993,
      "threshold": 0.9,
      "allow_unknown_flip": false,
      "acc": 0.5384615384615384,
      "macro_f1": 0.4923436924294315,
      "mc_macro_f1": 0.45121326042378673,
      "ynu_macro_f1": 0.5471842684369579,
      "yes_f1": 0.4615384615384615,
      "no_f1": 0.5842696629213483,
      "unknown_f1": 0.5957446808510638
    },
    {
      "obj": 0.7134566220529993,
      "threshold": 0.9,
      "allow_unknown_flip": true,
      "acc": 0.5384615384615384,
      "macro_f1": 0.4923436924294315,
      "mc_macro_f1": 0.45121326042378673,
      "ynu_macro_f1": 0.5471842684369579,
      "yes_f1": 0.4615384615384615,
      "no_f1": 0.5842696629213483,
      "unknown_f1": 0.5957446808510638
    },
    {
      "obj": 0.7134566220529993,
      "threshold": 1.1,
      "allow_unknown_flip": false,
      "acc": 0.5384615384615384,
      "macro_f1": 0.4923436924294315,
      "mc_macro_f1": 0.45121326042378673,
      "ynu_macro_f1": 0.5471842684369579,
      "yes_f1": 0.4615384615384615,
      "no_f1": 0.5842696629213483,
      "unknown_f1": 0.5957446808510638
    },
    {
      "obj": 0.7134566220529993,
      "threshold": 1.1,
      "allow_unknown_flip": true,
      "acc": 0.5384615384615384,
      "macro_f1": 0.4923436924294315,
      "mc_macro_f1": 0.45121326042378673,
      "ynu_macro_f1": 0.5471842684369579,
      "yes_f1": 0.4615384615384615,
      "no_f1": 0.5842696629213483,
      "unknown_f1": 0.5957446808510638
    }
  ]
}