{
  "version": "v27_standard_true_freeze_mc",
  "base_path": "/kaggle/input/datasets/yixuanisthebest/v2333333/v25_operational_preds.json",
  "candidate_path": "/kaggle/input/datasets/yixuanisthebest/v2333333/v23_val_candidates.json",
  "base_metric": {
    "name": "v25_baseline_exact",
    "n": 156,
    "acc": 0.6025641025641025,
    "macro_f1": 0.5774448127389303,
    "weighted_f1": 0.6016840258921706,
    "mc_macro_f1": 0.551470588235294,
    "ynu_macro_f1": 0.612077112077112,
    "per_label": {
      "A": {
        "precision": 0.8125,
        "recall": 0.4642857142857143,
        "f1": 0.5909090909090908,
        "support": 28,
        "pred_count": 16,
        "tp": 13,
        "fp": 3,
        "fn": 15
      },
      "B": {
        "precision": 0.6666666666666666,
        "recall": 0.75,
        "f1": 0.7058823529411765,
        "support": 8,
        "pred_count": 9,
        "tp": 6,
        "fp": 3,
        "fn": 2
      },
      "C": {
        "precision": 0.4,
        "recall": 0.3333333333333333,
        "f1": 0.3636363636363636,
        "support": 6,
        "pred_count": 5,
        "tp": 2,
        "fp": 3,
        "fn": 4
      },
      "D": {
        "precision": 0.5,
        "recall": 0.6,
        "f1": 0.5454545454545454,
        "support": 5,
        "pred_count": 6,
        "tp": 3,
        "fp": 3,
        "fn": 2
      },
      "Yes": {
        "precision": 0.4838709677419355,
        "recall": 0.4411764705882353,
        "f1": 0.4615384615384615,
        "support": 34,
        "pred_count": 31,
        "tp": 15,
        "fp": 16,
        "fn": 19
      },
      "No": {
        "precision": 0.5416666666666666,
        "recall": 0.65,
        "f1": 0.5909090909090908,
        "support": 40,
        "pred_count": 48,
        "tp": 26,
        "fp": 22,
        "fn": 14
      },
      "Unknown": {
        "precision": 0.7435897435897436,
        "recall": 0.8285714285714286,
        "f1": 0.7837837837837838,
        "support": 35,
        "pred_count": 39,
        "tp": 29,
        "fp": 10,
        "fn": 6
      }
    }
  },
  "best_params": {
    "w_vote": 0.0,
    "w_cite": 0.0,
    "w_short_supp": 0.0,
    "yes_boost": 0.0,
    "no_penalty": 0.3,
    "unk_penalty": 0.15,
    "p_long_supp": 0.2,
    "p_contra_text": 0.4
  },
  "best_attempt_metric": {
    "name": "v27_standard_best_attempt",
    "n": 156,
    "acc": 0.6153846153846154,
    "macro_f1": 0.5833102471757934,
    "weighted_f1": 0.6110345160118915,
    "mc_macro_f1": 0.551470588235294,
    "ynu_macro_f1": 0.6257631257631258,
    "per_label": {
      "A": {
        "precision": 0.8125,
        "recall": 0.4642857142857143,
        "f1": 0.5909090909090908,
        "support": 28,
        "pred_count": 16,
        "tp": 13,
        "fp": 3,
        "fn": 15
      },
      "B": {
        "precision": 0.6666666666666666,
        "recall": 0.75,
        "f1": 0.7058823529411765,
        "support": 8,
        "pred_count": 9,
        "tp": 6,
        "fp": 3,
        "fn": 2
      },
      "C": {
        "precision": 0.4,
        "recall": 0.3333333333333333,
        "f1": 0.3636363636363636,
        "support": 6,
        "pred_count": 5,
        "tp": 2,
        "fp": 3,
        "fn": 4
      },
      "D": {
        "precision": 0.5,
        "recall": 0.6,
        "f1": 0.5454545454545454,
        "support": 5,
        "pred_count": 6,
        "tp": 3,
        "fp": 3,
        "fn": 2
      },
      "Yes": {
        "precision": 0.4838709677419355,
        "recall": 0.4411764705882353,
        "f1": 0.4615384615384615,
        "support": 34,
        "pred_count": 31,
        "tp": 15,
        "fp": 16,
        "fn": 19
      },
      "No": {
        "precision": 0.5681818181818182,
        "recall": 0.625,
        "f1": 0.5952380952380952,
        "support": 40,
        "pred_count": 44,
        "tp": 25,
        "fp": 19,
        "fn": 15
      },
      "Unknown": {
        "precision": 0.7441860465116279,
        "recall": 0.9142857142857143,
        "f1": 0.8205128205128205,
        "support": 35,
        "pred_count": 43,
        "tp": 32,
        "fp": 11,
        "fn": 3
      }
    }
  },
  "selected_source": "rerank_beats_v25",
  "selected_metric": {
    "name": "v27_standard_SELECTED",
    "n": 156,
    "acc": 0.6153846153846154,
    "macro_f1": 0.5833102471757934,
    "weighted_f1": 0.6110345160118915,
    "mc_macro_f1": 0.551470588235294,
    "ynu_macro_f1": 0.6257631257631258,
    "per_label": {
      "A": {
        "precision": 0.8125,
        "recall": 0.4642857142857143,
        "f1": 0.5909090909090908,
        "support": 28,
        "pred_count": 16,
        "tp": 13,
        "fp": 3,
        "fn": 15
      },
      "B": {
        "precision": 0.6666666666666666,
        "recall": 0.75,
        "f1": 0.7058823529411765,
        "support": 8,
        "pred_count": 9,
        "tp": 6,
        "fp": 3,
        "fn": 2
      },
      "C": {
        "precision": 0.4,
        "recall": 0.3333333333333333,
        "f1": 0.3636363636363636,
        "support": 6,
        "pred_count": 5,
        "tp": 2,
        "fp": 3,
        "fn": 4
      },
      "D": {
        "precision": 0.5,
        "recall": 0.6,
        "f1": 0.5454545454545454,
        "support": 5,
        "pred_count": 6,
        "tp": 3,
        "fp": 3,
        "fn": 2
      },
      "Yes": {
        "precision": 0.4838709677419355,
        "recall": 0.4411764705882353,
        "f1": 0.4615384615384615,
        "support": 34,
        "pred_count": 31,
        "tp": 15,
        "fp": 16,
        "fn": 19
      },
      "No": {
        "precision": 0.5681818181818182,
        "recall": 0.625,
        "f1": 0.5952380952380952,
        "support": 40,
        "pred_count": 44,
        "tp": 25,
        "fp": 19,
        "fn": 15
      },
      "Unknown": {
        "precision": 0.7441860465116279,
        "recall": 0.9142857142857143,
        "f1": 0.8205128205128205,
        "support": 35,
        "pred_count": 43,
        "tp": 32,
        "fp": 11,
        "fn": 3
      }
    }
  },
  "mc_freeze": "strict_copy_from_v25_preds"
}