{
  "version": "v29_standard_candidate_calibrator",
  "note": "MC frozen; YNU candidate-level LogisticRegression calibrator with holdout/CV fit diagnostics.",
  "base_path": "/kaggle/input/datasets/yixuanisthebest/v2333333/v27_standard_preds.json",
  "candidate_path": "/kaggle/input/datasets/yixuanisthebest/v2333333/v23_val_candidates.json",
  "base_metric": {
    "name": "base_v27_loaded",
    "n": 156,
    "acc": 0.6153846153846154,
    "macro_f1": 0.5833102471757934,
    "weighted_f1": 0.6110345160118915,
    "mc_macro_f1": 0.551470588235294,
    "ynu_macro_f1": 0.6257631257631258,
    "per_label": {
      "A": {
        "precision": 0.8125,
        "recall": 0.4642857142857143,
        "f1": 0.5909090909090908,
        "support": 28,
        "pred_count": 16,
        "tp": 13,
        "fp": 3,
        "fn": 15
      },
      "B": {
        "precision": 0.6666666666666666,
        "recall": 0.75,
        "f1": 0.7058823529411765,
        "support": 8,
        "pred_count": 9,
        "tp": 6,
        "fp": 3,
        "fn": 2
      },
      "C": {
        "precision": 0.4,
        "recall": 0.3333333333333333,
        "f1": 0.3636363636363636,
        "support": 6,
        "pred_count": 5,
        "tp": 2,
        "fp": 3,
        "fn": 4
      },
      "D": {
        "precision": 0.5,
        "recall": 0.6,
        "f1": 0.5454545454545454,
        "support": 5,
        "pred_count": 6,
        "tp": 3,
        "fp": 3,
        "fn": 2
      },
      "Yes": {
        "precision": 0.4838709677419355,
        "recall": 0.4411764705882353,
        "f1": 0.4615384615384615,
        "support": 34,
        "pred_count": 31,
        "tp": 15,
        "fp": 16,
        "fn": 19
      },
      "No": {
        "precision": 0.5681818181818182,
        "recall": 0.625,
        "f1": 0.5952380952380952,
        "support": 40,
        "pred_count": 44,
        "tp": 25,
        "fp": 19,
        "fn": 15
      },
      "Unknown": {
        "precision": 0.7441860465116279,
        "recall": 0.9142857142857143,
        "f1": 0.8205128205128205,
        "support": 35,
        "pred_count": 43,
        "tp": 32,
        "fp": 11,
        "fn": 3
      }
    }
  },
  "oracle_metric": {
    "name": "oracle_ynu_mc_frozen_ANALYSIS_ONLY",
    "n": 156,
    "acc": 0.7115384615384616,
    "macro_f1": 0.6333381837583518,
    "weighted_f1": 0.6956137544372839,
    "mc_macro_f1": 0.551470588235294,
    "ynu_macro_f1": 0.7424949777890953,
    "per_label": {
      "A": {
        "precision": 0.8125,
        "recall": 0.4642857142857143,
        "f1": 0.5909090909090908,
        "support": 28,
        "pred_count": 16,
        "tp": 13,
        "fp": 3,
        "fn": 15
      },
      "B": {
        "precision": 0.6666666666666666,
        "recall": 0.75,
        "f1": 0.7058823529411765,
        "support": 8,
        "pred_count": 9,
        "tp": 6,
        "fp": 3,
        "fn": 2
      },
      "C": {
        "precision": 0.4,
        "recall": 0.3333333333333333,
        "f1": 0.3636363636363636,
        "support": 6,
        "pred_count": 5,
        "tp": 2,
        "fp": 3,
        "fn": 4
      },
      "D": {
        "precision": 0.5,
        "recall": 0.6,
        "f1": 0.5454545454545454,
        "support": 5,
        "pred_count": 6,
        "tp": 3,
        "fp": 3,
        "fn": 2
      },
      "Yes": {
        "precision": 0.8823529411764706,
        "recall": 0.4411764705882353,
        "f1": 0.5882352941176471,
        "support": 34,
        "pred_count": 17,
        "tp": 15,
        "fp": 2,
        "fn": 19
      },
      "No": {
        "precision": 0.6779661016949152,
        "recall": 1.0,
        "f1": 0.8080808080808081,
        "support": 40,
        "pred_count": 59,
        "tp": 40,
        "fp": 19,
        "fn": 0
      },
      "Unknown": {
        "precision": 0.7619047619047619,
        "recall": 0.9142857142857143,
        "f1": 0.8311688311688312,
        "support": 35,
        "pred_count": 42,
        "tp": 32,
        "fp": 10,
        "fn": 3
      }
    }
  },
  "model_kind": "sklearn_logreg",
  "feature_names": [
    "rank",
    "is_first",
    "ans_yes",
    "ans_no",
    "ans_unknown",
    "base_same",
    "vote_count",
    "vote_share",
    "supp_len",
    "has_supp",
    "short_supp",
    "long_supp",
    "text_len",
    "final_match",
    "final_yes",
    "final_no",
    "final_unknown",
    "has_contra_kw",
    "has_true_kw",
    "question_len"
  ],
  "unbias_train_metric": {
    "name": "v29_train_metric",
    "n": 109,
    "acc": 0.5963302752293578,
    "macro_f1": 0.5552390824020602,
    "weighted_f1": 0.5676592778802366,
    "mc_macro_f1": 0.5722943722943723,
    "ynu_macro_f1": 0.5324986958789776,
    "per_label": {
      "A": {
        "precision": 0.7857142857142857,
        "recall": 0.5238095238095238,
        "f1": 0.6285714285714286,
        "support": 21,
        "pred_count": 14,
        "tp": 11,
        "fp": 3,
        "fn": 10
      },
      "B": {
        "precision": 0.6666666666666666,
        "recall": 0.8,
        "f1": 0.7272727272727272,
        "support": 5,
        "pred_count": 6,
        "tp": 4,
        "fp": 2,
        "fn": 1
      },
      "C": {
        "precision": 0.3333333333333333,
        "recall": 0.3333333333333333,
        "f1": 0.3333333333333333,
        "support": 3,
        "pred_count": 3,
        "tp": 1,
        "fp": 2,
        "fn": 2
      },
      "D": {
        "precision": 0.6,
        "recall": 0.6,
        "f1": 0.6,
        "support": 5,
        "pred_count": 5,
        "tp": 3,
        "fp": 2,
        "fn": 2
      },
      "Yes": {
        "precision": 0.375,
        "recall": 0.13636363636363635,
        "f1": 0.19999999999999998,
        "support": 22,
        "pred_count": 8,
        "tp": 3,
        "fp": 5,
        "fn": 19
      },
      "No": {
        "precision": 0.5238095238095238,
        "recall": 0.7586206896551724,
        "f1": 0.6197183098591549,
        "support": 29,
        "pred_count": 42,
        "tp": 22,
        "fp": 20,
        "fn": 7
      },
      "Unknown": {
        "precision": 0.7,
        "recall": 0.875,
        "f1": 0.7777777777777777,
        "support": 24,
        "pred_count": 30,
        "tp": 21,
        "fp": 9,
        "fn": 3
      }
    }
  },
  "unbias_hold_metric": {
    "name": "v29_holdout_metric",
    "n": 47,
    "acc": 0.6170212765957447,
    "macro_f1": 0.4757827489970347,
    "weighted_f1": 0.5661675499441456,
    "mc_macro_f1": 0.37777777777777777,
    "ynu_macro_f1": 0.6064560439560439,
    "per_label": {
      "A": {
        "precision": 1.0,
        "recall": 0.2857142857142857,
        "f1": 0.4444444444444445,
        "support": 7,
        "pred_count": 2,
        "tp": 2,
        "fp": 0,
        "fn": 5
      },
      "B": {
        "precision": 0.6666666666666666,
        "recall": 0.6666666666666666,
        "f1": 0.6666666666666666,
        "support": 3,
        "pred_count": 3,
        "tp": 2,
        "fp": 1,
        "fn": 1
      },
      "C": {
        "precision": 0.5,
        "recall": 0.3333333333333333,
        "f1": 0.4,
        "support": 3,
        "pred_count": 2,
        "tp": 1,
        "fp": 1,
        "fn": 2
      },
      "D": {
        "precision": 0.0,
        "recall": 0.0,
        "f1": 0.0,
        "support": 0,
        "pred_count": 1,
        "tp": 0,
        "fp": 1,
        "fn": 0
      },
      "Yes": {
        "precision": 1.0,
        "recall": 0.16666666666666666,
        "f1": 0.2857142857142857,
        "support": 12,
        "pred_count": 2,
        "tp": 2,
        "fp": 0,
        "fn": 10
      },
      "No": {
        "precision": 0.5238095238095238,
        "recall": 1.0,
        "f1": 0.6875000000000001,
        "support": 11,
        "pred_count": 21,
        "tp": 11,
        "fp": 10,
        "fn": 0
      },
      "Unknown": {
        "precision": 0.7333333333333333,
        "recall": 1.0,
        "f1": 0.846153846153846,
        "support": 11,