{
  "version": "v29_b_rf_calibrator",
  "base_path": "/kaggle/input/datasets/yixuanisthebest/v2333333/v27_standard_preds.json",
  "candidate_path": "/kaggle/input/datasets/yixuanisthebest/v2333333/v23_val_candidates.json",
  "model_kind": "sklearn_rf",
  "metric": {
    "name": "v29_b_rf_full",
    "n": 156,
    "acc": 0.6410256410256411,
    "macro_f1": 0.5812211203987331,
    "weighted_f1": 0.6117077287836853,
    "mc_macro_f1": 0.551470588235294,
    "ynu_macro_f1": 0.6208884966166519,
    "per_label": {
      "A": {
        "precision": 0.8125,
        "recall": 0.4642857142857143,
        "f1": 0.5909090909090908,
        "support": 28,
        "pred_count": 16,
        "tp": 13,
        "fp": 3,
        "fn": 15
      },
      "B": {
        "precision": 0.6666666666666666,
        "recall": 0.75,
        "f1": 0.7058823529411765,
        "support": 8,
        "pred_count": 9,
        "tp": 6,
        "fp": 3,
        "fn": 2
      },
      "C": {
        "precision": 0.4,
        "recall": 0.3333333333333333,
        "f1": 0.3636363636363636,
        "support": 6,
        "pred_count": 5,
        "tp": 2,
        "fp": 3,
        "fn": 4
      },
      "D": {
        "precision": 0.5,
        "recall": 0.6,
        "f1": 0.5454545454545454,
        "support": 5,
        "pred_count": 6,
        "tp": 3,
        "fp": 3,
        "fn": 2
      },
      "Yes": {
        "precision": 0.8,
        "recall": 0.23529411764705882,
        "f1": 0.3636363636363636,
        "support": 34,
        "pred_count": 10,
        "tp": 8,
        "fp": 2,
        "fn": 26
      },
      "No": {
        "precision": 0.5714285714285714,
        "recall": 0.9,
        "f1": 0.6990291262135921,
        "support": 40,
        "pred_count": 63,
        "tp": 36,
        "fp": 27,
        "fn": 4
      },
      "Unknown": {
        "precision": 0.7111111111111111,
        "recall": 0.9142857142857143,
        "f1": 0.8,
        "support": 35,
        "pred_count": 45,
        "tp": 32,
        "fp": 13,
        "fn": 3
      }
    }
  },
  "train_metric": {
    "name": "v29_b_train",
    "n": 109,
    "acc": 0.6605504587155964,
    "macro_f1": 0.6046934120666839,
    "weighted_f1": 0.6436036686998511,
    "mc_macro_f1": 0.5722943722943723,
    "ynu_macro_f1": 0.6478921317630996,
    "per_label": {
      "A": {
        "precision": 0.7857142857142857,
        "recall": 0.5238095238095238,
        "f1": 0.6285714285714286,
        "support": 21,
        "pred_count": 14,
        "tp": 11,
        "fp": 3,
        "fn": 10
      },
      "B": {
        "precision": 0.6666666666666666,
        "recall": 0.8,
        "f1": 0.7272727272727272,
        "support": 5,
        "pred_count": 6,
        "tp": 4,
        "fp": 2,
        "fn": 1
      },
      "C": {
        "precision": 0.3333333333333333,
        "recall": 0.3333333333333333,
        "f1": 0.3333333333333333,
        "support": 3,
        "pred_count": 3,
        "tp": 1,
        "fp": 2,
        "fn": 2
      },
      "D": {
        "precision": 0.6,
        "recall": 0.6,
        "f1": 0.6,
        "support": 5,
        "pred_count": 5,
        "tp": 3,
        "fp": 2,
        "fn": 2
      },
      "Yes": {
        "precision": 0.7777777777777778,
        "recall": 0.3181818181818182,
        "f1": 0.45161290322580644,
        "support": 22,
        "pred_count": 9,
        "tp": 7,
        "fp": 2,
        "fn": 15
      },
      "No": {
        "precision": 0.6097560975609756,
        "recall": 0.8620689655172413,
        "f1": 0.7142857142857144,
        "support": 29,
        "pred_count": 41,
        "tp": 25,
        "fp": 16,
        "fn": 4
      },
      "Unknown": {
        "precision": 0.7,
        "recall": 0.875,
        "f1": 0.7777777777777777,
        "support": 24,
        "pred_count": 30,
        "tp": 21,
        "fp": 9,
        "fn": 3
      }
    }
  },
  "holdout_metric": {
    "name": "v29_b_holdout",
    "n": 47,
    "acc": 0.5957446808510638,
    "macro_f1": 0.45396825396825397,
    "weighted_f1": 0.5276232042189489,
    "mc_macro_f1": 0.37777777777777777,
    "ynu_macro_f1": 0.5555555555555555,
    "per_label": {
      "A": {
        "precision": 1.0,
        "recall": 0.2857142857142857,
        "f1": 0.4444444444444445,
        "support": 7,
        "pred_count": 2,
        "tp": 2,
        "fp": 0,
        "fn": 5
      },
      "B": {
        "precision": 0.6666666666666666,
        "recall": 0.6666666666666666,
        "f1": 0.6666666666666666,
        "support": 3,
        "pred_count": 3,
        "tp": 2,
        "fp": 1,
        "fn": 1
      },
      "C": {
        "precision": 0.5,
        "recall": 0.3333333333333333,
        "f1": 0.4,
        "support": 3,
        "pred_count": 2,
        "tp": 1,
        "fp": 1,
        "fn": 2
      },
      "D": {
        "precision": 0.0,
        "recall": 0.0,
        "f1": 0.0,
        "support": 0,
        "pred_count": 1,
        "tp": 0,
        "fp": 1,
        "fn": 0
      },
      "Yes": {
        "precision": 1.0,
        "recall": 0.08333333333333333,
        "f1": 0.15384615384615385,
        "support": 12,
        "pred_count": 1,
        "tp": 1,
        "fp": 0,
        "fn": 11
      },
      "No": {
        "precision": 0.5,
        "recall": 1.0,
        "f1": 0.6666666666666666,
        "support": 11,
        "pred_count": 22,
        "tp": 11,
        "fp": 11,
        "fn": 0
      },
      "Unknown": {
        "precision": 0.7333333333333333,
        "recall": 1.0,
        "f1": 0.846153846153846,
        "support": 11,
        "pred_count": 15,
        "tp": 11,
        "fp": 4,
        "fn": 0
      }
    }
  },
  "fit_status": [
    "OVERFIT_RISK_HIGH",
    "WORSE_THAN_BASELINE_ON_HOLDOUT"
  ],
  "selected_source": "rollback_to_base",
  "selected_metric": {
    "name": "v29_b_SELECTED",
    "n": 156,
    "acc": 0.6153846153846154,
    "macro_f1": 0.5833102471757934,
    "weighted_f1": 0.6110345160118915,
    "mc_macro_f1": 0.551470588235294,
    "ynu_macro_f1": 0.6257631257631258,
    "per_label": {
      "A": {
        "precision": 0.8125,
        "recall": 0.4642857142857143,
        "f1": 0.5909090909090908,
        "support": 28,
        "pred_count": 16,
        "tp": 13,
        "fp": 3,
        "fn": 15
      },
      "B": {
        "precision": 0.6666666666666666,
        "recall": 0.75,
        "f1": 0.7058823529411765,
        "support": 8,
        "pred_count": 9,
        "tp": 6,
        "fp": 3,
        "fn": 2
      },
      "C": {
        "precision": 0.4,
        "recall": 0.3333333333333333,
        "f1": 0.3636363636363636,
        "support": 6,
        "pred_count": 5,
        "tp": 2,
        "fp": 3,
        "fn": 4
      },
      "D": {
        "precision": 0.5,
        "recall": 0.6,
        "f1": 0.5454545454545454,
        "support": 5,
        "pred_count": 6,
        "tp": 3,
        "fp": 3,
        "fn": 2
      },
      "Yes": {
        "precision": 0.4838709677419355,
        "recall": 0.4411764705882353,
        "f1": 0.4615384615384615,
        "support": 34,
        "pred_count": 31,
        "tp": 15,
        "fp": 16,
        "fn": 19
      },
      "No": {
        "precision": 0.5681818181818182,
        "recall": 0.625,
        "f1": 0.5952380952380952,
        "support": 40,
        "pred_count": 44,
        "tp": 25,
        "fp": 19,
        "fn": 15
      },
      "Unknown": {
        "precision": 0.7441860465116279,
        "recall": 0.9142857142857143,
        "f1": 0.8205128205128205,
        "support": 35,
        "pred_count": 43,
        "tp": 32,
        "fp": 11,
        "fn": 3
      }
    }
  }
}