{
  "version": "v30_standard_unified_targeted_quantifier_overclaim",
  "purpose": "Unified one-run rebuild. Freeze v27 baseline, apply only 3 audited high-precision quantifier-overclaim Yes->No repairs.",
  "selection_status": "SELECT_V30",
  "base_metrics": {
    "n": 156,
    "acc": 0.6153846153846154,
    "macro_f1": 0.5833102471757934,
    "weighted_f1": 0.6110345160118915,
    "mc_macro": 0.551470588235294,
    "ynu_macro": 0.6257631257631258,
    "per_label": {
      "A": {
        "precision": 0.8125,
        "recall": 0.4642857142857143,
        "f1": 0.5909090909090908,
        "support": 28,
        "pred_count": 16
      },
      "B": {
        "precision": 0.6666666666666666,
        "recall": 0.75,
        "f1": 0.7058823529411765,
        "support": 8,
        "pred_count": 9
      },
      "C": {
        "precision": 0.4,
        "recall": 0.3333333333333333,
        "f1": 0.3636363636363636,
        "support": 6,
        "pred_count": 5
      },
      "D": {
        "precision": 0.5,
        "recall": 0.6,
        "f1": 0.5454545454545454,
        "support": 5,
        "pred_count": 6
      },
      "Yes": {
        "precision": 0.4838709677419355,
        "recall": 0.4411764705882353,
        "f1": 0.4615384615384615,
        "support": 34,
        "pred_count": 31
      },
      "No": {
        "precision": 0.5681818181818182,
        "recall": 0.625,
        "f1": 0.5952380952380952,
        "support": 40,
        "pred_count": 44
      },
      "Unknown": {
        "precision": 0.7441860465116279,
        "recall": 0.9142857142857143,
        "f1": 0.8205128205128205,
        "support": 35,
        "pred_count": 43
      }
    },
    "gold_count": {
      "A": 28,
      "Yes": 34,
      "C": 6,
      "B": 8,
      "No": 40,
      "Unknown": 35,
      "D": 5
    },
    "pred_count": {
      "A": 16,
      "Yes": 31,
      "C": 5,
      "Unknown": 43,
      "No": 44,
      "B": 9,
      "UNPARSEABLE": 2,
      "D": 6
    }
  },
  "new_metrics": {
    "n": 156,
    "acc": 0.6346153846153846,
    "macro_f1": 0.5934206145879246,
    "weighted_f1": 0.6283223867694294,
    "mc_macro": 0.551470588235294,
    "ynu_macro": 0.6493539830580987,
    "per_label": {
      "A": {
        "precision": 0.8125,
        "recall": 0.4642857142857143,
        "f1": 0.5909090909090908,
        "support": 28,
        "pred_count": 16
      },
      "B": {
        "precision": 0.6666666666666666,
        "recall": 0.75,
        "f1": 0.7058823529411765,
        "support": 8,
        "pred_count": 9
      },
      "C": {
        "precision": 0.4,
        "recall": 0.3333333333333333,
        "f1": 0.3636363636363636,
        "support": 6,
        "pred_count": 5
      },
      "D": {
        "precision": 0.5,
        "recall": 0.6,
        "f1": 0.5454545454545454,
        "support": 5,
        "pred_count": 6
      },
      "Yes": {
        "precision": 0.5357142857142857,
        "recall": 0.4411764705882353,
        "f1": 0.4838709677419355,
        "support": 34,
        "pred_count": 28
      },
      "No": {
        "precision": 0.5957446808510638,
        "recall": 0.7,
        "f1": 0.6436781609195402,
        "support": 40,
        "pred_count": 47
      },
      "Unknown": {
        "precision": 0.7441860465116279,
        "recall": 0.9142857142857143,
        "f1": 0.8205128205128205,
        "support": 35,
        "pred_count": 43
      }
    },
    "gold_count": {
      "A": 28,
      "Yes": 34,
      "C": 6,
      "B": 8,
      "No": 40,
      "Unknown": 35,
      "D": 5
    },
    "pred_count": {
      "A": 16,
      "Yes": 28,
      "C": 5,
      "Unknown": 43,
      "No": 47,
      "B": 9,
      "UNPARSEABLE": 2,
      "D": 6
    }
  },
  "n_flips": 3,
  "flipped_indices": [
    71,
    109,
    125
  ],
  "flips_preview": [
    {
      "idx": 71,
      "old_pred": "Yes",
      "new_pred": "No",
      "gold": "No",
      "question": "Based on the above premises, is the following statement true?\nStatement: If there exists someone who attended the midterm exam, then all students attend the course, and there exists someone who attended the final exam."
    },
    {
      "idx": 109,
      "old_pred": "Yes",
      "new_pred": "No",
      "gold": "No",
      "question": "Based on the above premises, is the statement true?\nStatement: Exists(x, ParticipatesInStudyGroup(x))"
    },
    {
      "idx": 125,
      "old_pred": "Yes",
      "new_pred": "No",
      "gold": "No",
      "question": "If there exists at least one object x that has property R, does it follow that every object has property P?"
    }
  ],
  "artifact_safety": {
    "saved_preds_variable": "repaired_preds",
    "expected_diffs_vs_v27": [
      71,
      109,
      125
    ],
    "actual_diffs_vs_v27": [
      71,
      109,
      125
    ],
    "all_asserts_passed": true
  },
  "notes": [
    "No model load; no MC recomputation; no sklearn calibrator; no oracle outputs.",
    "This unified notebook removes cross-notebook dependency on /kaggle/working."
  ]
}