{
 "version": "v32_standard_advocate_verifier_rerank",
 "selection_status": "ROLLBACK_v30_1",
 "metrics": {
  "n": 156,
  "acc": 0.6346153846153846,
  "macro_f1": 0.5934206145879246,
  "weighted_f1": 0.6283223867694294,
  "mc_macro": 0.551470588235294,
  "ynu_macro": 0.6493539830580987
 },
 "per_label": {
  "A": {
   "precision": 0.8125,
   "recall": 0.4642857142857143,
   "f1": 0.5909090909090908,
   "support": 28,
   "pred_count": 16
  },
  "B": {
   "precision": 0.6666666666666666,
   "recall": 0.75,
   "f1": 0.7058823529411765,
   "support": 8,
   "pred_count": 9
  },
  "C": {
   "precision": 0.4,
   "recall": 0.3333333333333333,
   "f1": 0.3636363636363636,
   "support": 6,
   "pred_count": 5
  },
  "D": {
   "precision": 0.5,
   "recall": 0.6,
   "f1": 0.5454545454545454,
   "support": 5,
   "pred_count": 6
  },
  "Yes": {
   "precision": 0.5357142857142857,
   "recall": 0.4411764705882353,
   "f1": 0.4838709677419355,
   "support": 34,
   "pred_count": 28
  },
  "No": {
   "precision": 0.5957446808510638,
   "recall": 0.7,
   "f1": 0.6436781609195402,
   "support": 40,
   "pred_count": 47
  },
  "Unknown": {
   "precision": 0.7441860465116279,
   "recall": 0.9142857142857143,
   "f1": 0.8205128205128205,
   "support": 35,
   "pred_count": 43
  }
 },
 "n_flips": 0,
 "flips": [],
 "rules": "S1 horn-proof, S2 advocate-asymmetry, S3 unique-valid (a priori, no grid)",
 "decision_log": [],
 "bootstrap": {
  "mean": 0.0,
  "ci_lo": 0.0,
  "ci_hi": 0.0,
  "p_positive": 0.0
 },
 "gates": {
  "gain": 0.0,
  "unk_drop": 0.0,
  "no_drop": 0.0,
  "collapse": false,
  "mc_frozen": true,
  "selected": "ROLLBACK_v30_1"
 }
}