{
  "version": "v32_1_standard_advocate_verifier_rerank",
  "selection_status": "ROLLBACK_v30_1",
  "reason": "gates failed",
  "metrics": {
    "n": 156,
    "acc": 0.6346153846153846,
    "macro_f1": 0.5934206145879246,
    "weighted_f1": 0.6283223867694294,
    "mc_macro": 0.551470588235294,
    "ynu_macro": 0.6493539830580987,
    "per_label": {
      "A": {
        "precision": 0.8125,
        "recall": 0.4642857142857143,
        "f1": 0.5909090909090908,
        "support": 28,
        "pred_count": 16
      },
      "B": {
        "precision": 0.6666666666666666,
        "recall": 0.75,
        "f1": 0.7058823529411765,
        "support": 8,
        "pred_count": 9
      },
      "C": {
        "precision": 0.4,
        "recall": 0.3333333333333333,
        "f1": 0.3636363636363636,
        "support": 6,
        "pred_count": 5
      },
      "D": {
        "precision": 0.5,
        "recall": 0.6,
        "f1": 0.5454545454545454,
        "support": 5,
        "pred_count": 6
      },
      "Yes": {
        "precision": 0.5357142857142857,
        "recall": 0.4411764705882353,
        "f1": 0.4838709677419355,
        "support": 34,
        "pred_count": 28
      },
      "No": {
        "precision": 0.5957446808510638,
        "recall": 0.7,
        "f1": 0.6436781609195402,
        "support": 40,
        "pred_count": 47
      },
      "Unknown": {
        "precision": 0.7441860465116279,
        "recall": 0.9142857142857143,
        "f1": 0.8205128205128205,
        "support": 35,
        "pred_count": 43
      }
    },
    "gold_count": {
      "A": 28,
      "Yes": 34,
      "C": 6,
      "B": 8,
      "No": 40,
      "Unknown": 35,
      "D": 5
    },
    "pred_count": {
      "A": 16,
      "Yes": 28,
      "C": 5,
      "Unknown": 43,
      "No": 47,
      "B": 9,
      "UNPARSEABLE": 2,
      "D": 6
    }
  },
  "baseline_v30_1": {
    "n": 156,
    "acc": 0.6346153846153846,
    "macro_f1": 0.5934206145879246,
    "weighted_f1": 0.6283223867694294,
    "mc_macro": 0.551470588235294,
    "ynu_macro": 0.6493539830580987,
    "per_label": {
      "A": {
        "precision": 0.8125,
        "recall": 0.4642857142857143,
        "f1": 0.5909090909090908,
        "support": 28,
        "pred_count": 16
      },
      "B": {
        "precision": 0.6666666666666666,
        "recall": 0.75,
        "f1": 0.7058823529411765,
        "support": 8,
        "pred_count": 9
      },
      "C": {
        "precision": 0.4,
        "recall": 0.3333333333333333,
        "f1": 0.3636363636363636,
        "support": 6,
        "pred_count": 5
      },
      "D": {
        "precision": 0.5,
        "recall": 0.6,
        "f1": 0.5454545454545454,
        "support": 5,
        "pred_count": 6
      },
      "Yes": {
        "precision": 0.5357142857142857,
        "recall": 0.4411764705882353,
        "f1": 0.4838709677419355,
        "support": 34,
        "pred_count": 28
      },
      "No": {
        "precision": 0.5957446808510638,
        "recall": 0.7,
        "f1": 0.6436781609195402,
        "support": 40,
        "pred_count": 47
      },
      "Unknown": {
        "precision": 0.7441860465116279,
        "recall": 0.9142857142857143,
        "f1": 0.8205128205128205,
        "support": 35,
        "pred_count": 43
      }
    },
    "gold_count": {
      "A": 28,
      "Yes": 34,
      "C": 6,
      "B": 8,
      "No": 40,
      "Unknown": 35,
      "D": 5
    },
    "pred_count": {
      "A": 16,
      "Yes": 28,
      "C": 5,
      "Unknown": 43,
      "No": 47,
      "B": 9,
      "UNPARSEABLE": 2,
      "D": 6
    }
  },
  "n_flips": 1,
  "flips": [
    {
      "idx": 14,
      "old": "UNPARSEABLE",
      "new": "Yes",
      "gold": "Yes",
      "rule": "S3_unparseable_unique_valid"
    }
  ],
  "decision_log": [
    {
      "idx": 14,
      "old": "UNPARSEABLE",
      "new": "Yes",
      "gold": "Yes",
      "rule": "S3_unparseable_unique_valid",
      "yes": {
        "verdict": "VALID",
        "cited": true
      },
      "no": {
        "verdict": "INVALID",
        "cited": true
      },
      "unknown": {
        "verdict": "INVALID",
        "cited": true
      }
    }
  ],
  "bootstrap": {
    "mean": 0.0062371794871794875,
    "ci_lo": 0.0,
    "ci_hi": 0.019230769230769232,
    "p_positive": 0.609
  },
  "gates": {
    "gain": 0.0,
    "unk_drop": 0.0,
    "no_drop": 0.0,
    "collapse": false,
    "mc_frozen": true,
    "selected": "ROLLBACK_v30_1"
  },
  "advocate_meta": {
    "load_error": null,
    "n_generated": 45,
    "n_skipped": 0,
    "skipped": [],
    "load_mode": "sharded_dtype",
    "target_indices": [
      5,
      7,
      9,
      11,
      14,
      16,
      22,
      24,
      26,
      27,
      28,
      30,
      39,
      41,
      45,
      47,
      49,
      54,
      57,
      59,
      64,
      69,
      73,
      75,
      77,
      79,
      81,
      83,
      85,
      87,
      93,
      95,
      97,
      102,
      107,
      115,
      117,
      119,
      123,
      127,
      132,
      141,
      144,
      146,
      150
    ]
  }
}