{
  "version": "v33_full_select_or_rollback",
  "selection_status": "ROLLBACK_TO_V32_2",
  "source": "ROLLBACK_v32_2",
  "reason": "verified=True; standard_status=ROLLBACK_v32_2; actual_diffs=[]; expected=[]",
  "baseline_v32_2": {
    "n": 156,
    "acc": 0.6410256410256411,
    "macro_f1": 0.596858548901435,
    "weighted_f1": 0.63356744040158,
    "mc_macro": 0.551470588235294,
    "ynu_macro": 0.657375829789623
  },
  "metrics": {
    "n": 156,
    "acc": 0.6410256410256411,
    "macro_f1": 0.596858548901435,
    "weighted_f1": 0.63356744040158,
    "mc_macro": 0.551470588235294,
    "ynu_macro": 0.657375829789623
  },
  "per_label": {
    "A": {
      "precision": 0.8125,
      "recall": 0.4642857142857143,
      "f1": 0.5909090909090908,
      "support": 28,
      "pred_count": 16
    },
    "B": {
      "precision": 0.6666666666666666,
      "recall": 0.75,
      "f1": 0.7058823529411765,
      "support": 8,
      "pred_count": 9
    },
    "C": {
      "precision": 0.4,
      "recall": 0.3333333333333333,
      "f1": 0.3636363636363636,
      "support": 6,
      "pred_count": 5
    },
    "D": {
      "precision": 0.5,
      "recall": 0.6,
      "f1": 0.5454545454545454,
      "support": 5,
      "pred_count": 6
    },
    "Yes": {
      "precision": 0.5517241379310345,
      "recall": 0.47058823529411764,
      "f1": 0.507936507936508,
      "support": 34,
      "pred_count": 29
    },
    "No": {
      "precision": 0.5957446808510638,
      "recall": 0.7,
      "f1": 0.6436781609195402,
      "support": 40,
      "pred_count": 47
    },
    "Unknown": {
      "precision": 0.7441860465116279,
      "recall": 0.9142857142857143,
      "f1": 0.8205128205128205,
      "support": 35,
      "pred_count": 43
    }
  },
  "n_flips_from_v32_2": 0,
  "flipped_indices_from_v32_2": [],
  "diffs_vs_v27": [
    14,
    71,
    109,
    125
  ],
  "standard_summary_path": "/kaggle/working/v33_standard_summary.json"
}