{
 "version": "v34_3_targeted_recheck_fixed_alignment_risk_report",
 "final_decision": "SELECT_V34_3_FIXED",
 "artifact_risk": "LOW_RELOADED_SAVED_PREDS",
 "overfit_risk": "LOWER_THAN_V34_NO_NEW_SWEEP_TARGETED_PROOF_FILTER",
 "rule_provenance": "Fixed semantic guards over the 7 v34 proposed flips only; nested-schema premises-FOL alignment; Horn proof with contrapositive; no broad sweep.",
 "label_collapse": false,
 "underfit_risk": "STILL_PRESENT_MC_UNTOUCHED_AND_RESIDUAL_YNU",
 "kept_flips": [
  132,
  144,
  146,
  150
 ],
 "removed_flips": [
  [
   69,
   "G1 not_interrogative"
  ],
  [
   79,
   "G4 NOT_DERIVABLE AttendsAppointment from seeds=[]"
  ],
  [
   141,
   "G4 no target predicate match (score=0.00)"
  ]
 ],
 "metrics": {
  "n": 156,
  "acc": 0.6666666666666666,
  "macro_f1": 0.6140155562868364,
  "weighted_f1": 0.6609359760637119,
  "mc_macro": 0.551470588235294,
  "ynu_macro": 0.6974088470222259
 },
 "candidate_metrics_before_selection": {
  "n": 156,
  "acc": 0.6666666666666666,
  "macro_f1": 0.6140155562868364,
  "weighted_f1": 0.6609359760637119,
  "mc_macro": 0.551470588235294,
  "ynu_macro": 0.6974088470222259
 },
 "delta_vs_v32_2": {
  "acc": 0.02564102564102555,
  "macro_f1": 0.01715700738540138,
  "weighted_f1": 0.027368535662131932,
  "mc_macro": 0.0,
  "ynu_macro": 0.040033017232602996
 },
 "delta_candidate_vs_v34_2": {
  "macro_f1": 0.004184211161373574
 },
 "v34_reference_macro_f1": 0.6185666574322036
}