{
  "version": "v34_unified_cpu_best",
  "selection_status": "SELECT_V34_CPU",
  "selected": {
    "variant": "cpu_sweep_1156",
    "params": {
      "min_support": 3,
      "min_horn": 1,
      "min_affirm": 1,
      "require_body_true": false,
      "require_direct_positive": true,
      "block_negative_near": true,
      "require_old_no": true,
      "require_contradiction_marker": false
    },
    "n_flips": 7,
    "flips": [
      69,
      79,
      132,
      141,
      144,
      146,
      150
    ],
    "macro_f1": 0.6185666574322036,
    "acc": 0.6730769230769231,
    "weighted_f1": 0.6678909074836676,
    "ynu_macro": 0.7482492997198881,
    "mc_macro": 0.551470588235294,
    "yes_f1": 0.6285714285714287,
    "no_f1": 0.675,
    "unknown_f1": 0.8205128205128205,
    "yes_pred_count": 36,
    "no_pred_count": 40,
    "delta_macro": 0.021708108530768655,
    "gates": {
      "strict_gain": true,
      "mc_frozen": true,
      "unknown_ok": true,
      "no_ok": true,
      "no_collapse": true,
      "yes_not_exploded": true
    },
    "passes_gates": true,
    "posthoc_gold": {
      "No": 1,
      "Yes": 6
    }
  },
  "metrics": {
    "n": 156,
    "acc": 0.6730769230769231,
    "macro_f1": 0.6185666574322036,
    "weighted_f1": 0.6678909074836676,
    "mc_macro": 0.551470588235294,
    "ynu_macro": 0.7482492997198881,
    "per_label": {
      "A": {
        "precision": 0.8125,
        "recall": 0.4642857142857143,
        "f1": 0.5909090909090908,
        "support": 28,
        "pred_count": 16
      },
      "B": {
        "precision": 0.6666666666666666,
        "recall": 0.75,
        "f1": 0.7058823529411765,
        "support": 8,
        "pred_count": 9
      },
      "C": {
        "precision": 0.4,
        "recall": 0.3333333333333333,
        "f1": 0.3636363636363636,
        "support": 6,
        "pred_count": 5
      },
      "D": {
        "precision": 0.5,
        "recall": 0.6,
        "f1": 0.5454545454545454,
        "support": 5,
        "pred_count": 6
      },
      "Yes": {
        "precision": 0.6111111111111112,
        "recall": 0.6470588235294118,
        "f1": 0.6285714285714287,
        "support": 34,
        "pred_count": 36
      },
      "No": {
        "precision": 0.675,
        "recall": 0.675,
        "f1": 0.675,
        "support": 40,
        "pred_count": 40
      },
      "Unknown": {
        "precision": 0.7441860465116279,
        "recall": 0.9142857142857143,
        "f1": 0.8205128205128205,
        "support": 35,
        "pred_count": 43
      }
    },
    "gold_count": {
      "A": 28,
      "Yes": 34,
      "C": 6,
      "B": 8,
      "No": 40,
      "Unknown": 35,
      "D": 5
    },
    "pred_count": {
      "A": 16,
      "Yes": 36,
      "C": 5,
      "Unknown": 43,
      "No": 40,
      "B": 9,
      "D": 6,
      "UNPARSEABLE": 1
    }
  },
  "flipped_indices": [
    69,
    79,
    132,
    141,
    144,
    146,
    150
  ],
  "baseline_v32_2": {
    "n": 156,
    "acc": 0.6410256410256411,
    "macro_f1": 0.596858548901435,
    "weighted_f1": 0.63356744040158,
    "mc_macro": 0.551470588235294,
    "ynu_macro": 0.697597046481428,
    "per_label": {
      "A": {
        "precision": 0.8125,
        "recall": 0.4642857142857143,
        "f1": 0.5909090909090908,
        "support": 28,
        "pred_count": 16
      },
      "B": {
        "precision": 0.6666666666666666,
        "recall": 0.75,
        "f1": 0.7058823529411765,
        "support": 8,
        "pred_count": 9
      },
      "C": {
        "precision": 0.4,
        "recall": 0.3333333333333333,
        "f1": 0.3636363636363636,
        "support": 6,
        "pred_count": 5
      },
      "D": {
        "precision": 0.5,
        "recall": 0.6,
        "f1": 0.5454545454545454,
        "support": 5,
        "pred_count": 6
      },
      "Yes": {
        "precision": 0.5517241379310345,
        "recall": 0.47058823529411764,
        "f1": 0.507936507936508,
        "support": 34,
        "pred_count": 29
      },
      "No": {
        "precision": 0.5957446808510638,
        "recall": 0.7,
        "f1": 0.6436781609195402,
        "support": 40,
        "pred_count": 47
      },
      "Unknown": {
        "precision": 0.7441860465116279,
        "recall": 0.9142857142857143,
        "f1": 0.8205128205128205,
        "support": 35,
        "pred_count": 43
      }
    },
    "gold_count": {
      "A": 28,
      "Yes": 34,
      "C": 6,
      "B": 8,
      "No": 40,
      "Unknown": 35,
      "D": 5
    },
    "pred_count": {
      "A": 16,
      "Yes": 29,
      "C": 5,
      "Unknown": 43,
      "No": 47,
      "B": 9,
      "D": 6,
      "UNPARSEABLE": 1
    }
  }
}