{
  "version": "v34_unified_base_advocate_full",
  "selection_status": "ROLLBACK_V32_2",
  "reason": "no advocate variant passed strict gates or generation skipped",
  "metrics": {
    "n": 156,
    "acc": 0.6410256410256411,
    "macro_f1": 0.596858548901435,
    "weighted_f1": 0.63356744040158,
    "mc_macro": 0.551470588235294,
    "ynu_macro": 0.697597046481428,
    "per_label": {
      "A": {
        "precision": 0.8125,
        "recall": 0.4642857142857143,
        "f1": 0.5909090909090908,
        "support": 28,
        "pred_count": 16
      },
      "B": {
        "precision": 0.6666666666666666,
        "recall": 0.75,
        "f1": 0.7058823529411765,
        "support": 8,
        "pred_count": 9
      },
      "C": {
        "precision": 0.4,
        "recall": 0.3333333333333333,
        "f1": 0.3636363636363636,
        "support": 6,
        "pred_count": 5
      },
      "D": {
        "precision": 0.5,
        "recall": 0.6,
        "f1": 0.5454545454545454,
        "support": 5,
        "pred_count": 6
      },
      "Yes": {
        "precision": 0.5517241379310345,
        "recall": 0.47058823529411764,
        "f1": 0.507936507936508,
        "support": 34,
        "pred_count": 29
      },
      "No": {
        "precision": 0.5957446808510638,
        "recall": 0.7,
        "f1": 0.6436781609195402,
        "support": 40,
        "pred_count": 47
      },
      "Unknown": {
        "precision": 0.7441860465116279,
        "recall": 0.9142857142857143,
        "f1": 0.8205128205128205,
        "support": 35,
        "pred_count": 43
      }
    },
    "gold_count": {
      "A": 28,
      "Yes": 34,
      "C": 6,
      "B": 8,
      "No": 40,
      "Unknown": 35,
      "D": 5
    },
    "pred_count": {
      "A": 16,
      "Yes": 29,
      "C": 5,
      "Unknown": 43,
      "No": 47,
      "B": 9,
      "D": 6,
      "UNPARSEABLE": 1
    }
  },
  "baseline_v32_2": {
    "n": 156,
    "acc": 0.6410256410256411,
    "macro_f1": 0.596858548901435,
    "weighted_f1": 0.63356744040158,
    "mc_macro": 0.551470588235294,
    "ynu_macro": 0.697597046481428,
    "per_label": {
      "A": {
        "precision": 0.8125,
        "recall": 0.4642857142857143,
        "f1": 0.5909090909090908,
        "support": 28,
        "pred_count": 16
      },
      "B": {
        "precision": 0.6666666666666666,
        "recall": 0.75,
        "f1": 0.7058823529411765,
        "support": 8,
        "pred_count": 9
      },
      "C": {
        "precision": 0.4,
        "recall": 0.3333333333333333,
        "f1": 0.3636363636363636,
        "support": 6,
        "pred_count": 5
      },
      "D": {
        "precision": 0.5,
        "recall": 0.6,
        "f1": 0.5454545454545454,
        "support": 5,
        "pred_count": 6
      },
      "Yes": {
        "precision": 0.5517241379310345,
        "recall": 0.47058823529411764,
        "f1": 0.507936507936508,
        "support": 34,
        "pred_count": 29
      },
      "No": {
        "precision": 0.5957446808510638,
        "recall": 0.7,
        "f1": 0.6436781609195402,
        "support": 40,
        "pred_count": 47
      },
      "Unknown": {
        "precision": 0.7441860465116279,
        "recall": 0.9142857142857143,
        "f1": 0.8205128205128205,
        "support": 35,
        "pred_count": 43
      }
    },
    "gold_count": {
      "A": 28,
      "Yes": 34,
      "C": 6,
      "B": 8,
      "No": 40,
      "Unknown": 35,
      "D": 5
    },
    "pred_count": {
      "A": 16,
      "Yes": 29,
      "C": 5,
      "Unknown": 43,
      "No": 47,
      "B": 9,
      "D": 6,
      "UNPARSEABLE": 1
    }
  },
  "best_candidate": {
    "name": "S1_unique_valid_yes_no_unknown_invalid",
    "flips": [],
    "n_flips": 0,
    "metrics": {
      "n": 156,
      "acc": 0.6410256410256411,
      "macro_f1": 0.596858548901435,
      "weighted_f1": 0.63356744040158,
      "mc_macro": 0.551470588235294,
      "ynu_macro": 0.697597046481428,
      "per_label": {
        "A": {
          "precision": 0.8125,
          "recall": 0.4642857142857143,
          "f1": 0.5909090909090908,
          "support": 28,
          "pred_count": 16
        },
        "B": {
          "precision": 0.6666666666666666,
          "recall": 0.75,
          "f1": 0.7058823529411765,
          "support": 8,
          "pred_count": 9
        },
        "C": {
          "precision": 0.4,
          "recall": 0.3333333333333333,
          "f1": 0.3636363636363636,
          "support": 6,
          "pred_count": 5
        },
        "D": {
          "precision": 0.5,
          "recall": 0.6,
          "f1": 0.5454545454545454,
          "support": 5,
          "pred_count": 6
        },
        "Yes": {
          "precision": 0.5517241379310345,
          "recall": 0.47058823529411764,
          "f1": 0.507936507936508,
          "support": 34,
          "pred_count": 29
        },
        "No": {
          "precision": 0.5957446808510638,
          "recall": 0.7,
          "f1": 0.6436781609195402,
          "support": 40,
          "pred_count": 47
        },
        "Unknown": {
          "precision": 0.7441860465116279,
          "recall": 0.9142857142857143,
          "f1": 0.8205128205128205,
          "support": 35,
          "pred_count": 43
        }
      },
      "gold_count": {
        "A": 28,
        "Yes": 34,
        "C": 6,
        "B": 8,
        "No": 40,
        "Unknown": 35,
        "D": 5
      },
      "pred_count": {
        "A": 16,
        "Yes": 29,
        "C": 5,
        "Unknown": 43,
        "No": 47,
        "B": 9,
        "D": 6,
        "UNPARSEABLE": 1
      }
    },
    "delta_macro": 0.0,
    "gates": {
      "strict_gain": false,
      "mc_frozen": true,
      "unknown_ok": true,
      "no_ok": true,
      "no_collapse": true,
      "yes_not_exploded": true
    },
    "passes_gates": false,
    "posthoc_gold": {}
  },
  "advocate_meta": {
    "route": "base_advocate_generation",
    "load_error": "AttributeError()\nTraceback (most recent call last):\n  File \"/usr/local/lib/python3.12/dist-packages/transformers/tokenization_utils_base.py\", line 275, in __getattr__\n    return self.data[item]\n           ~~~~~~~~~^^^^^^\nKeyError: 'shape'\n\nDuring handling of the above exception, another exception occurred:\n\nTraceback (most recent call last):\n  File \"/tmp/ipykernel_58/1514752810.py\", line 84, in generate_base_advocates\n    out=model.generate(inp, max_new_tokens=MAX_NEW_TOKENS, do_sample=True, temperature=TEMPERATURE, top_p=TOP_P, pad_token_id=tok.eos_token_id)\n        ^^^^^^^^^^^^^^^^^^^^^^^^^^^^^^^^^^^^^^^^^^^^^^^^^^^^^^^^^^^^^^^^^^^^^^^^^^^^^^^^^^^^^^^^^^^^^^^^^^^^^^^^^^^^^^^^^^^^^^^^^^^^^^^^^^^^^^^\n  File \"/usr/local/lib/python3.12/dist-packages/torch/utils/_contextlib.py\", line 124, in decorate_context\n    return func(*args, **kwargs)\n           ^^^^^^^^^^^^^^^^^^^^^\n  File \"/usr/local/lib/python3.12/dist-packages/transformers/generation/utils.py\", line 2535, in generate\n    batch_size = inputs_tensor.shape[0]\n                 ^^^^^^^^^^^^^^^^^^^\n  File \"/usr/local/lib/python3.12/dist-packages/transformers/tokenization_utils_base.py\", line 277, in __getattr__\n    raise AttributeError\nAttributeError\n",
    "model_path": "/kaggle/input/models/qwen-lm/qwen-3/transformers/8b/1",
    "n_generated": 0,
    "n_skipped": 44,
    "skipped": [
      5,
      7,
      9,
      11,
      16,
      22,
      24,
      26,
      27,
      28,
      30,
      39,
      41,
      45,
      47,
      49,
      54,
      57,
      59,
      64,
      69,
      73,
      75,
      77,
      79,
      81,
      83,
      85,
      87,
      93,
      95,
      97,
      102,
      107,
      115,
      117,
      119,
      123,
      127,
      132,
      141,
      144,
      146,
      150
    ],