{
 "version": "v35_symbolic_val_fixed",
 "input_paths": {
  "v34_3": "/kaggle/input/datasets/yixuanisthebest/v2333333/v34_3_full_fixed_preds.json",
  "dataset": "/kaggle/input/datasets/nguyenminhtric/test-pipeline/Logic_Based_Educational_Queries_v5_repair_tier1_dedup_normfol_drop_logicfallacy.json"
 },
 "decision": "KEEP_V34_3",
 "baseline_v34_3": {
  "n": 156,
  "correct": 104,
  "acc": 0.6666666666666666,
  "macro7": 0.6140155562868364,
  "mc_macro": 0.551470588235294,
  "ynu_macro": 0.6974088470222259,
  "per_label": {
   "A": {
    "precision": 0.8125,
    "recall": 0.4642857142857143,
    "f1": 0.5909090909090908,
    "support": 28,
    "pred_count": 16
   },
   "B": {
    "precision": 0.6666666666666666,
    "recall": 0.75,
    "f1": 0.7058823529411765,
    "support": 8,
    "pred_count": 9
   },
   "C": {
    "precision": 0.4,
    "recall": 0.3333333333333333,
    "f1": 0.3636363636363636,
    "support": 6,
    "pred_count": 5
   },
   "D": {
    "precision": 0.5,
    "recall": 0.6,
    "f1": 0.5454545454545454,
    "support": 5,
    "pred_count": 6
   },
   "Yes": {
    "precision": 0.6060606060606061,
    "recall": 0.5882352941176471,
    "f1": 0.5970149253731343,
    "support": 34,
    "pred_count": 33
   },
   "No": {
    "precision": 0.6511627906976745,
    "recall": 0.7,
    "f1": 0.674698795180723,
    "support": 40,
    "pred_count": 43
   },
   "Unknown": {
    "precision": 0.7441860465116279,
    "recall": 0.9142857142857143,
    "f1": 0.8205128205128205,
    "support": 35,
    "pred_count": 43
   }
  },
  "pred_distribution": {
   "A": 16,
   "Yes": 33,
   "C": 5,
   "Unknown": 43,
   "No": 43,
   "B": 9,
   "D": 6,
   "UNPARSEABLE": 1
  },
  "gold_distribution": {
   "A": 28,
   "Yes": 34,
   "C": 6,
   "B": 8,
   "No": 40,
   "Unknown": 35,
   "D": 5
  }
 },
 "candidate_v35": {
  "n": 156,
  "correct": 104,
  "acc": 0.6666666666666666,
  "macro7": 0.6140155562868364,
  "mc_macro": 0.551470588235294,
  "ynu_macro": 0.6974088470222259,
  "per_label": {
   "A": {
    "precision": 0.8125,
    "recall": 0.4642857142857143,
    "f1": 0.5909090909090908,
    "support": 28,
    "pred_count": 16
   },
   "B": {
    "precision": 0.6666666666666666,
    "recall": 0.75,
    "f1": 0.7058823529411765,
    "support": 8,
    "pred_count": 9
   },
   "C": {
    "precision": 0.4,
    "recall": 0.3333333333333333,
    "f1": 0.3636363636363636,
    "support": 6,
    "pred_count": 5
   },
   "D": {
    "precision": 0.5,
    "recall": 0.6,
    "f1": 0.5454545454545454,
    "support": 5,
    "pred_count": 6
   },
   "Yes": {
    "precision": 0.6060606060606061,
    "recall": 0.5882352941176471,
    "f1": 0.5970149253731343,
    "support": 34,
    "pred_count": 33
   },
   "No": {
    "precision": 0.6511627906976745,
    "recall": 0.7,
    "f1": 0.674698795180723,
    "support": 40,
    "pred_count": 43
   },
   "Unknown": {
    "precision": 0.7441860465116279,
    "recall": 0.9142857142857143,
    "f1": 0.8205128205128205,
    "support": 35,
    "pred_count": 43
   }
  },
  "pred_distribution": {
   "A": 16,
   "Yes": 33,
   "C": 5,
   "Unknown": 43,
   "No": 43,
   "B": 9,
   "D": 6,
   "UNPARSEABLE": 1
  },
  "gold_distribution": {
   "A": 28,
   "Yes": 34,
   "C": 6,
   "B": 8,
   "No": 40,
   "Unknown": 35,
   "D": 5
  }
 },
 "selected": {
  "n": 156,
  "correct": 104,
  "acc": 0.6666666666666666,
  "macro7": 0.6140155562868364,
  "mc_macro": 0.551470588235294,
  "ynu_macro": 0.6974088470222259,
  "per_label": {
   "A": {
    "precision": 0.8125,
    "recall": 0.4642857142857143,
    "f1": 0.5909090909090908,
    "support": 28,
    "pred_count": 16
   },
   "B": {
    "precision": 0.6666666666666666,
    "recall": 0.75,
    "f1": 0.7058823529411765,
    "support": 8,
    "pred_count": 9
   },
   "C": {
    "precision": 0.4,
    "recall": 0.3333333333333333,
    "f1": 0.3636363636363636,
    "support": 6,
    "pred_count": 5
   },
   "D": {
    "precision": 0.5,
    "recall": 0.6,
    "f1": 0.5454545454545454,
    "support": 5,
    "pred_count": 6
   },
   "Yes": {
    "precision": 0.6060606060606061,
    "recall": 0.5882352941176471,
    "f1": 0.5970149253731343,
    "support": 34,
    "pred_count": 33
   },
   "No": {
    "precision": 0.6511627906976745,
    "recall": 0.7,
    "f1": 0.674698795180723,
    "support": 40,
    "pred_count": 43
   },
   "Unknown": {
    "precision": 0.7441860465116279,
    "recall": 0.9142857142857143,
    "f1": 0.8205128205128205,
    "support": 35,
    "pred_count": 43
   }
  },
  "pred_distribution": {
   "A": 16,
   "Yes": 33,
   "C": 5,
   "Unknown": 43,
   "No": 43,
   "B": 9,
   "D": 6,
   "UNPARSEABLE": 1
  },
  "gold_distribution": {
   "A": 28,
   "Yes": 34,
   "C": 6,
   "B": 8,
   "No": 40,
   "Unknown": 35,
   "D": 5
  }
 },
 "considered_nonmc_not_no": 66,
 "alignment_misses": 0,
 "alignment_warning": false,
 "proposed_flips": [],
 "n_flips": 0,
 "posthoc_good": 0,
 "posthoc_bad": 0,
 "posthoc_precision": null,
 "gate": "Validation-only posthoc audit gate: precision>=0.8, macro non-decrease, MC frozen. Do not use gold gate on hidden test."
}