{
  "first": {
    "acc": 0.4807692307692308,
    "macro_f1": 0.3986986283875252,
    "weighted_f1": 0.4565076767204427,
    "details": {
      "A": {
        "precision": 1.0,
        "recall": 0.14285714285714285,
        "f1": 0.25,
        "support": 28,
        "pred_count": 4,
        "f1_pass": 