{
 "version": "v32_2_independent_unparseable_rescue",
 "selection_status": "SELECT_V32_2_INDEPENDENT",
 "selected_source": "v30.1 + independent non-MC UNPARSEABLE affirmative-explanation rescue",
 "comparison_to_claude_notebook": {
  "found": false
 },
 "note": "No v32_1_b_advocate_candidates.json used. Selection is rebuilt from baseline row explanation only.",
 "baseline_v30_1": {
  "n": 156,
  "acc": 0.6346153846153846,
  "macro_f1": 0.5934206145879246,
  "weighted_f1": 0.6283223867694294,
  "mc_macro": 0.551470588235294,
  "ynu_macro": 0.6493539830580987
 },
 "metrics": {
  "n": 156,
  "acc": 0.6410256410256411,
  "macro_f1": 0.596858548901435,
  "weighted_f1": 0.63356744040158,
  "mc_macro": 0.551470588235294,
  "ynu_macro": 0.657375829789623
 },
 "per_label": {
  "A": {
   "precision": 0.8125,
   "recall": 0.4642857142857143,
   "f1": 0.5909090909090908,
   "support": 28,
   "pred_count": 16
  },
  "B": {
   "precision": 0.6666666666666666,
   "recall": 0.75,
   "f1": 0.7058823529411765,
   "support": 8,
   "pred_count": 9
  },
  "C": {
   "precision": 0.4,
   "recall": 0.3333333333333333,
   "f1": 0.3636363636363636,
   "support": 6,
   "pred_count": 5
  },
  "D": {
   "precision": 0.5,
   "recall": 0.6,
   "f1": 0.5454545454545454,
   "support": 5,
   "pred_count": 6
  },
  "Yes": {
   "precision": 0.5517241379310345,
   "recall": 0.47058823529411764,
   "f1": 0.507936507936508,
   "support": 34,
   "pred_count": 29
  },
  "No": {
   "precision": 0.5957446808510638,
   "recall": 0.7,
   "f1": 0.6436781609195402,
   "support": 40,
   "pred_count": 47
  },
  "Unknown": {
   "precision": 0.7441860465116279,
   "recall": 0.9142857142857143,
   "f1": 0.8205128205128205,
   "support": 35,
   "pred_count": 43
  }
 },
 "n_flips_from_v30_1": 1,
 "flipped_indices": [
  14
 ],
 "diffs_vs_v27": [
  14,
  71,
  109,
  125
 ],
 "unparseable_audit": [
  {
   "idx": 14,
   "gold_for_audit_only": "Yes",
   "is_mc": false,
   "question": "Should Student A be confirmed as cheating and suspended from the exam, considering the signs from the exam, behavior during the exam, AI analysis, personal history, and the possibility of appeal being denied, and assessing additional penalt",
   "decision": "flip_to_Yes",
   "reason": "affirmative_should_be_confirmed_conclusion"
  },
  {
   "idx": 154,
   "gold_for_audit_only": "A",
   "is_mc": true,
   "question": "Based on the above premises, which statement can be inferred?\nA. ∀x (E(x) → (A(x) ∧ N(x)))\nB. ∃x (¬F(x) ∧ L(x))\nC. ∀x (¬S(x) → A(x))\nD. ∀x (N(x) → ¬E(x))",
   "decision": "keep",
   "reason": "mc_row_not_allowed"
  }
 ],
 "risk": {
  "artifact_risk": "LOW_RELOADED_SAVED_PREDS",
  "overfit_risk": "MEDIUM_SINGLE_VALIDATION_CASE_BUT_PIPELINE_ARTIFACT",
  "underfit_risk": "STILL_HIGH_YES_NO_REMAINING",
  "label_collapse": false
 }
}